300,Politie LRH Hasselt,50.94427,5.32876
301,Politie LRH Halen,50.946608,5.11504
302,Politie LRH Herk-de-stad,50.941709,5.164862
303,Politie LRH Diepenbeek,50.907874,5.423495
304,Politie LRH Zonhoven,50.990962,5.366264
305,Politie CARMA,50.966521,5.493181