300,Politie Limburg Regio Hoofdstad,50.931738,5.333729
301,Politie CARMA,50.966521,5.493181